{
  "thresholds": [
    0.305213063955307,
    0.3695666491985321,
    0.4486144781112671,
    0.38276782631874084,
    0.4551055431365967,
    0.42792078852653503
  ],
  "precision_recall": [
    [
      0.6004672646522522,
      0.7449275255203247
    ],
    [
      0.84375,
      0.9535316228866577
    ],
    [
      0.8419618606567383,
      0.9169139266014099
    ],
    [
      0.656324565410614,
      0.8647798895835876
    ],
    [
      0.9074491858482361,
      0.9013453125953674
    ],
    [
      0.6948853731155396,
      0.9314420819282532
    ]
  ]
}